0x010fdf27afe8ff560fafff04df26dbb0a23793b7,2
0x0166f6b0ac0900d0b7499755bf7038c4cc819b04,2
0x019b0ee245fb09aaf92ac93ca3309832b7974681,4
0x019b581ce7cf1007d4f84eb783a19652803f339c,2
0x01a18b4adbc7a0e19fcfbdf63e85ec6f3c9ce9e7,4
0x020edf7b630025d8113a46cac63c41c095fc98f0,2
0x024d66305df2c936851d365000ce67b0a1235ac8,2
0x02bb8954a2b1e9701c17adb7298d32694a2763bc,2
0x036d78c5e87e0aa07bf61815d1effe10c9fd5275,2
0x038b11894253e3e0583267522d364e4ed69c14cb,2
0x040401713eac4ab6178c7ee2cf3f09379cda2ceb,2
0x042d2b1df1c6ec87a991507172cfdfebd5d27118,2
0x0457bdd7d70c82f4cb1c850bd49064a544630978,2
0x048e8d6d6268efb326dd4cf638f6615fb989c802,2
0x0505fc864059d112e8df756e837a584c541da9f4,2
0x05ff7c8544fbd6d0a51eba3c3ae3ce29642e864e,2
0x061bb2b156bffe3856d8de42fda57eecad8a7568,2
0x064b4dcb3400b2a2af42640e4cd6af3563b387e0,2
0x0658f0e2c6e8f9072d94454c7eddbc44e2e36fe2,2
0x0683b43a526af50e442571a96001005b84ad56dc,2
0x06d5e56600c3d6808366bf3f9f142483590f6fd4,2
0x06f844e25622ee91589eea5fb6bf83a4071a33a1,2
0x07478ca73ecdc461cd033d2e6c1b4cefda82d0b9,2
0x0750a5ec725dc965b6563b48369b01101a1dec28,2
0x075f7744e626e25fdd2da862bea5c44df3e7a55d,2
0x0800833a3706db6fbbd846d5d1b9370a79af8097,2
0x085610b382e4d4eecab01a43ac99b42436af37bf,2
0x08567e3e0eb6d42d37f70fcc0c7e59d79e4e07ab,2
0x0874ccdf28e1299db8ac8d71241a59c9b7c76b85,2
0x77d3b6281087e64a68e46018e246780adb7714e8,2
0xbf45085ffd464e5b2ea41c2f66f0287384aabb18,2
0xd1dff2fa2a8022ebcfe69715e66b35d16b8f7e4f,2
0x08b9cc7362d23d0649efc6c873991346aba76b35,2
0x08cc379f0fc5c45357843027126a1a02aab280f8,2
0x097d611aa2598a2b3882325a53234ce4b2755764,2
0x0a3570924483d24336abb44136ab7816854ad444,2
0x0a534043a34a43a78e5585c8eb95acc8b3eeeed1,4
0x0a6e4623f761ac8fdd200320f83604887038d508,2
0x0b4ef929ac77a4d292a3efad2ba7126448d82c0a,2
0x0ba01f88391dcadc429fb8cfb529911a3050ed39,2
0x0bc13081bed6fbac95a5499e71739f5a57206a75,2
0x0c6a24e79ea0d1064e02839761ef8e300e00899d,2
0x0ce525ef86ec59a86afabd4c0caa4a9263772e43,2
0x0d5da38c9ec77c50c1aad5e58341338882299e82,2
0x0e2c54c3b938589d1f6e4e7a9897ec22b983e433,2
0x0e9e10391e21ca857ba5a21020c3885ca37e419a,2
0x0f94325dcc0e118fb3454bceff6bcd814ad2b58f,2
0x0fa9cf0896417e3c14e09037f2b8c65a1f912624,2
0x0fda6589e2d4baa877f014212d18264d9fa98b49,2
0x101c309e232636eb41d9b19fa725cfa50f227901,2
0x11506db6366229bde8727eab7f582e2764080a9e,2
0x11c8678069c46b74c62a8a94b21784dfb771b8d3,2
0x11cd53d6776a02c8fb13b3453b7b4fbbb18f90df,2
0x121fded4df77dedca7f7ae13dc2995d64b421e1e,2
0x12949f8eb38a5fa142bf2d21260768db96a3cd69,2
0x12ab47c5b38d400d926e1dd7eb976501087e6b3d,2
0x139473926a791cb4979f7c43d1b0ef0e06924a91,2
0x143c47841621c7d7cf3336b3e8dce60ca94c6594,2
0x14fb79b6dc1e2bd1d19d455f444bb8b48dcc0d30,2
0x15001a844836bfccdef9f0fe326481c29052f8ec,2
0x1648c13a8ed3ffb194b2c033497a5e82e543cb82,2
0x16605a4df923056d10e3d079989d8d9ccc02714f,2
0x16825261f0466ff1c69eb7c0faa1cb268e3a5310,2
0x168301a2ded533cb1e3badebb8613e6388f65749,2
0x17a8eafaeae8ce84fba960a3188f514797db696d,2
0x17e9e0d951e9a52a697180119b90ce682e24c66f,2
0x189a8ec283d52174b4d8c18a760fbf4d4b1027bb,2
0x18a070e9ef5fcfe5be1d03224162c82b3e906fac,2
0x194a71dcf3da80a543d1f2e59487f5cbe4e50036,2
0x196aca58bf741cacdca23e32dc753e458649cb06,2
0x198ca1beacf70b82c4e6de21e8cb7b6da6d8477a,2
0x1b83c68b5003dae805a4d536562175e5c71b503d,2
0x1b8dc6a4a46e778033758cce1b6b0ddac78e25cf,2
0x1bbf43e7a5497dfcb19a2be9be54426e8ce7c05d,2
0x1c09642e20b4d5174321beec0b86176d57f0c750,2
0x1c75e5232088599f6efab7fbf0dffd86e6348197,2
0x1d5131e79e9d2cc9d4b03e63eb473d40eeafa198,2
0x1e94a39e40525f674f9dfbbec420e8a5ca02a62b,2
0x1eb1d20f40438dfffcc7b5a6795e11fff7f075a3,2
0x1fb1942e4955234536c5571582e93494e13b9419,2
0x20134c1447fda725e61891d22428e826f946502f,2
0x20b7e063734def6cbda15e7930decf9e04c00fb9,2
0x2162d53ca6de99bed197a0b58046891b3a7bc287,2
0x21bca401c280c8492a1ca15d554382eecb92f2f3,2
0x21ee8009897144cb08aa603bce48e9edaae00a1a,2
0x22cbde853a50db5a036e5d62b1c82490465557c0,2
0x239e9e51a7a881221c4cec228e1d093b5a434dc8,2
0x24880c009be70efe1fac45b01a1a0644be4170b5,2
0x24ccac28456a1d7d338739c95f0294372d3f08ac,2
0x251ba2d69b65d89c012d1eb7860d14c4ef73c4bf,2
0x254359bd8b27b177181f3176e732a1b2cfc37315,2
0x2586b8f468d10c00bae57db5f14980c2f10f197d,2
0x25a6bbd4d8f041b4b14cd703560995a09a74b464,2
0x2628040e7296117256d5879e2f1409752c122975,2
0x266ee152cf011964aa4399bb568709199da82063,2
0x272c38539829a48df0b3a4eedb753c9c67c93bee,2
0x2799c229f63291262f77347ef60c1d2a1835b449,2
0x290202497a3f08bf05e9f910b17da3605acee936,2
0x2911563c9a2c3bec7a6d0a1f7ebaf0e71418eb25,2
0x2a138e24cf857f189826600463c05d0cac5aeede,2
0x2a15cc826466ada7f4b7d9403282f2c960f15999,2
0x2bab7d521d8f92e99df474e1fe9e4654afcc53bc,2
0x2c2cd2298d3b1f5bce37f4e49b169da45746b49e,2
0x2c419c8b207b10b39673482d83caa3e11f3604c5,2
0x2df5064481d2f6fa0331a6bf16134252cf308b39,2
0x2df8506532b0efec59498cf09ebd9988e7bd3ec2,2
0x2f26633a56837cf9aea5f89bce5f65baaf34b43f,2
0x2f36812c11c9d58981db5ef84b23967576930932,2
0x2f64b9c5e4b24eef6c2003406302f0dd92ae9b56,2
0x2f6a26672fb4301d60acf4fba07eded3f9193fb3,2
0x2fdc93722c9a86fdfb4d945caf059f39cb9622be,2
0x305692ac5eaf8fa18e5dc2a77738c82d573382cb,2
0x306fc4a664656d0bf4dae610f3445bb5e20c6e58,2
0x3098c04b75c7fecba9c7a80fc24c097995e95681,2
0x30e0df600b904188324aed388eed0b1ffbf549bc,2
0x311c8ba2599b64522605a32f656d3f15d6396a5d,2
0x3225ef561ebfe8d6a10677ac81dc731e1327e6cb,2
0x328739e4901cd242072353ec377d72fb87eca876,2
0x32cfa8dd263ac912a1f44e91ff054a6e91bc2998,2
0x332460257cef06f02315b2d3e99b086079bbca15,2
0x33990a86f6ae2153c98959f7fd59a27bf2fbd976,2
0x3401c9bb4667fe2fa92641af55778e1524c52108,2
0x34c2871c3d539c473e40a09158bdff522202e2d5,2
0x355e5ab1780ba3d88ef8feed0b29cb0d825a49a4,2
0x36662542a79e34730dadb416928b33ab8ac881e3,2
0x38b7ab594f4c89d69ae13e6bb6833a10d8a86995,2
0x3ab477c02b3e372306516d98239e4e29193e1484,2
0x3b162480ea8eed3d840c3f416970ee63009ed01e,2
0x3b2988054731da4682b4a3850b70195b6bdbe6b5,2
0x3be3b9ea712b807c6546471db73242ec7e896c3f,2
0x3c56d7d94121c913c5ff8e428bf9c8287dadece6,2
0x3c63f7330b5e87863d78c6288a7ca983c93b7edd,2
0x3d97ea029c82151ca9caea00cf1342324567219f,2
0x3daf0d105e386fd4dcdd896935e25cfefefc6af6,2
0x3dc28134900671b08f29f482ec0d00a78a7a8556,2
0x3e6540e382812c3dcca4dce09f6c397216c733ea,2
0x3e9aaea1c7ab36a80a6477e9464d5c4bb35eb27e,2
0x3eefc8c815ec1d4a964601f8c13c519541c7dbe1,2
0x3f6252944f216f766f7d4046ddaa23ef7f8a6c68,2
0x3f88493af513f36d5351011d83e18770530e5cd4,2
0x409db4c71027f6b4c75c06b6fd10ed1398f7ef70,2
0x414826beb718f2b204bca67b949604bdc739fcba,2
0x42d20226d1d3e66a7b671b654175824180773be8,2
0x4339bb43e0657de0df6c70424b8601a1bb724b0b,2
0x44443cf6e3551109746b42150336c513e6e08e9b,2
0x45338bf3dcf0c55a3a6b1404b78e39cbe1f5105b,2
0x458f55950c4bcd5a428c40b125159f8456ac03a4,2
0x45b74ac8362d49685782c967ed4f24720a75035b,2
0x46372974607c434ae48884f36e726fe831258307,2
0x479eb0d71698a69cc9fe7854dd12d75fe9f796eb,2
0x4801b6d7501204adc9334045e0c7e8790b90e97c,2
0x4832606179a3506f3e64c1b04dfbe3a13a55d0f1,2
0x4852a8c4aafb9bb657d39204ab5c4d39cadf453b,2
0x486915e49cce6c879c784bc6fe597611c3eea318,2
0x48af4211069cc75c5d20236f4dd6499589493d21,2
0x4922e9c9d3cdcbe0ba272499ef025192da0c5d7a,2
0x49b753c09cb64dbdc53841ab13a04a038d4c9d20,2
0x4a214e160c753cbbd2df811593f069d357281d33,2
0x4a23f42c3b6fb654e1069966dfd401ef31e0c984,2
0x4aa15d618a8a9f41780a717f13d29f2cb3f2b2ef,2
0x4ac124e279a32a0d9e7e82986192b59990bfd58e,2
0x4add1e9ea221029c439229ba299d83b7064d955c,2
0x4b6314d2c8e28f2628901e775f7a5e0be32953f6,2
0x4c775fcde221a18c82499ca73058e3055373ffb6,2
0x4cab7b94b2d928622de8bdf616de4b3959410791,2
0x4e88717518c8ae9aa3930298cbd1c1f6b7e83ec1,2
0x4f3562b7b0171d80ad7d5d2c4d64feb3761a5662,2
0x4f542f65488b94ffe3fb6d86b92448223fbb14d1,2
0x4fb79d3c8f6f3a383e35462714408144fad57f89,2
0x4fc059636a6ad7faf5a2b672b6a941d4665f7239,2
0x50c57c918d52042bbd94b92c34e27dbd7c4b37ce,2
0x50f5599518de902bfe491f1bebc4c011399f6146,2
0x511c85042524a41bbf30e7a8533a84b8c5e55f43,2
0x5131ec1a6b58f1968175ab460915539e1fcd6942,2
0x51349851996a97cdee2f2d71b979951ceb2c73c1,2
0x514d1105c57fbf143ee128ef18aa430facda2151,2
0x5193db56210d7311c1db65acd5b77ef72f666047,2
0x51a250b981a97d563486c564698c741836952043,2
0x5207a0c80d530ccaef9d5e7b15df00b3f272d34b,2
0x5227e19097ec0344382d65b1a30ed3bae93a3e10,2
0x52df13f32c2085a26ca5e9812c799dd7da4adedd,2
0x5318cd82390e3a4c64fda3edb491b17ce6fa5bd5,2
0x539dc849f37ee6f35466401a7ff84bdbd919c5c9,2
0x565e986f461e080ba251f0421eeaf7bf1499fb69,2
0x5678c23be6989cde5d0fe68d921584b4404a3180,2
0x5687875d748f53b792a54aae53dbb78bedbfe4fd,2
0x5717856a431fcab27198b18adcb0215e44f85583,2
0x5788858ed0ad70dea5056738b7ffd1810eacb84f,2
0x5790f29f5a091d36f215417f22f70a949f065ce1,2
0x57eaa5c142ccd063d511811b1166bc92411a8c7c,2
0x590c55ddacb5e047b5b531b8300ef04c5431b9c3,2
0x59957e6b58dd78e9d4ec60a144cc8531b8a5409d,2
0x5a8494d8df8abff6ee78e6cc08bdfe49f8483c3a,2
0x5d81d3051ddd4e929c76bc572d4f1586c7b752ad,2
0x611de7e43cdb400411edcf5901df678b90c22768,2
0x61ada0b43fdbebbd7b5b810baa9cedf6abc57b90,2
0x624d4cf1dfb29064c16169c650bbd445faf07fb1,2
0x624da72be397d70089a0c712e354893f681a8d0e,2
0x62541dfaf846c8c0171a1755b2c057673d88dac7,2
0x626600e9f104eea6eb45bbd3150ad72f1361a8d7,2
0x6372f3af08a32f23f891cb4bc77f41384a20e20a,2
0x6393ea33b25528d50df724460c4465187ead1403,2
0x65c3537aefc52d848d31a49fc02573cb40c4202c,2
0x65e51a6f396599558e647d7e4d8e6e6ca6ee4a9b,2
0x686adbfcaa75f7491bba9f8d035613671c11b507,2
0x6911340d182b260f18f960a1a38b3b33356f7941,2
0x69b538ea2d3ef295b4b9d8335efd5fac02ba716b,2
0x6b611d278233cb7ca76fd5c08579c3337c01e577,2
0x6d2374b0a373c74ed661851e719eac26e16a6df8,2
0x6de8bdd19cd76b89ea2eb1ab6d9b245433652ef9,2
0x6e88154ffa558e9bcdd30f29298610bb4aebe114,2
0x6f33e7b6460dac803c53ab6e02da8c675633d516,2
0x6fd155b9d52f80e8a73a8a2537268602978486e2,2
0x702c0a12818958c9604b5b268dae5a1a05502b4d,2
0x7076b42575a986eab95b68b65ac29082b158473c,2
0x73a020eb0e9fee28fec92c7124f650d14e21ceee,2
0x744f7102f2e8e82d5c61004f2fb5dbd2ca5f1d82,2
0x74a1b3ac0161adbc642e3aa05f2e7bb44ea52bb5,2
0x7575047fc3e8ba808fefcc0932eafdf2d2b58718,4
0x773afe9d9b6d50cc2a14c52c31c2f8635694525b,2
0x77e76ac6c1ed23e723947f7a2fe2f6c9c8347ec5,2
0x77ffea617cb5e85f30eaca48d420df7e48b3c633,2
0x78e1b09db45a76018212afdb724c1402c6ca33e1,2
0x78f2922c22e87e8cb45c4d75cc06bbdd10a641fb,2
0x7a091bcd860fba983e9bf2b1ab1e7bdf0a0b542c,2
0x7b5b7472e66c6ef21fe60da875011926ca80e232,2
0x7ca858cd1e5a5291408b54318148fd62632edc85,2
0x7df172e521125054caa01d73c4fb4d30360e1079,2
0x7eee4281ec78f463435d0b2b38770d0a36fbdbfd,2
0x7fd48e6ebecc41132d3dd8c014bcaad9e48cdbf6,2
0x8177598e08ee8199c160a48c7a0af31ab54bb59f,2
0x822584f015c36b9cfbadf8e63f713754cf795c32,2
0x82c8cf18871ad8badca840be1df88337c80ae08b,2
0x835b9edf89e7472aad4a2fc4fde8a4e6f05ae9f0,2
0x865aaa976454b273bcbdbe12e265120d912bd767,2
0x87c89f5f027b0dc4626e92d92e5964ff8661df84,2
0x883c2784f8d8f9917791b621591b7c8796af8af6,2
0x8886dca35291f05ed5d8e21f083998ea8dceb50f,2
0x88ced047bf75de5d03f3fa4ff0d7224e4eb455b2,2
0x8a8035f056af830b7205c58c1dc037f826fc2b92,2
0x8d067b54a1310ac962eb846363ae407de6588d74,2
0x8d42388603970610302d608e81b8c06224f0de7f,2
0x8e1f7a6315ab27b351055823a30168524b8c0f31,2
0x8e82132d1d34fba79a0953b934b5c5da30419de7,2
0x90a480cfa5436676d2226e7a981c3cccb929e420,2
0x90ac4d3e3e21db847bf908892936cfc911e1de61,2
0x915da37f772f9d87f84a9e521f2354124b17e621,2
0x91c59a9874b97ac46c2f07b400f2dffe4b624443,2
0x924359735d681dd20918b6a427189d30f2a845c7,2
0x9250512e55f0574aa3fc537fe70a2cf5aea0e15c,2
0x938557694499b871c06cb7ca9247077098f68daf,2
0x93886649b07888129fa320eb95756c35cf80d732,2
0x940cbc5e83c0fe093be1556431d69c20bee500ed,2
0x94ef56efad3cf722cd385bd6d5178c3063b83d1a,2
0x95cf9511bf739cbd2935f6b35515d9e11c9c5434,2
0x9610d0bca432a17db51fa97f6fc8a5bfa0786f9b,2
0x9769a99cadb5ded048057a50b1ca61e4c4954cda,2
0x981cbe42a14630bf834dcd6812b0030c2f0ff2e5,2
0x9b25cf4f6b9caa84c877947d4f6c2982c6d607a3,2
0x9b2a757144010d47740ecce394ef4779784fb55d,2
0x9b865f2a484ca253b66e77ed2da39d14c005df40,2
0x9b8a58b017045191e6a4acb0d5f0551692bf39d9,2
0x9b9cc63626692b73b65b315cb586a7b543d3391f,2
0x9bb063a541435f6a2de0e6d325319cb1428c677c,2
0x9c3b4b2d4101f2280ef9b1e810d618648b410340,2
0x9c54a9c609212d2fd034b55cf3b42ba99af52880,2
0x9c7fd355622cab2dd2338cb3397bdbdd96cd2c81,2
0x9cf97fb2db53b43b701e659cfa11820783d3ff30,2
0x9d5765595a92c560c8759d2a9c375c66123765a5,2
0x9d91afea53bff89c4fb734a78e78fcfc2aadb3d6,2
0xa017f839dd9be2a5ebc76e58cc34ef7a542fae6d,2
0xa0ca7867d1a314bcad3a06bda01de57ff1b9f763,2
0xa22b2f7d80c26d5b4e403d53eb520723858d37e7,2
0xa2c440c71f874cb92bb4de7a6f7ba920ae0e6468,2
0xa38ab2a06c0a668df9724ecaf7f6e39df1d6ef66,2
0xa40d281de9c15d501ef21ac32f777a5a551fddd6,2
0xa4d5277d9ffe79726e12107b77ca0aef28535d05,2
0xa50c61b63002e78c39ef7480555b6fe6e9eb3c4d,2
0xa5378c42d1117dc4bf837ad1b00d02a89eebb093,2
0xa5e143020d1dab0c7842ff8c20c28a27510f6ac3,2
0xa61fe601d74f57c9ae2cbc550a6faf98fca59a0c,2
0xa6c6ce27ea58a45a5d6b13fd132964e3dab15dad,2
0xa737e7ac5bc6f2c3900fd88bd79f8d0ec9e8fc1a,2
0xa7c85cddf4fa368ff5ecf52d21da58d98b397528,2
0xa80f32a55719775de1b4e734fd9631c14d526608,2
0xa864bd675ac40716f5eef63e4bccc7d4fe4d524a,2
0xa9028c7a809488d6fe93e358ae0e9eb5d6cd88fa,2
0xaa1fa62b28aff17b659aff7d8a2314f4325a7ac7,2
0xab11bbda3ec044ff8a32c8176b66a93c4e3f57ed,2
0xab7dbf90b9924dffd235cfafef95f3f534b1ee4e,2
0xadec6fffbfff4f682d253ccc4eb495e11dae9e33,2
0xaef6c58d6e2db1074a5f5f47721fe08f58a68061,2
0xaf300ba8fc0678dadf4c98d51cec9d439d76ca47,2
0xaf4c2fd63b3a6cec92643da88a1b301b967c7c70,2
0xb0623c91c65621df716ab8afe5f66656b21a9108,2
0xb0f840b7e0aa17259f5036081d86f6c07d64930d,2
0xb101f202946ee9cee4e8eb83f6d10e96076891e9,2
0xb12f650e99a44744a86df7d67dbb8930df0a65f4,2
0xb1fe8d7274efcad6571f11465709a7df0521b2a9,2
0xb4078e1937bcf1f44d0c3dde11843e89466bab56,2
0xb49268af705bc1370780b6493c4cde872d89007f,2
0xb51b9a78812b49a0ca6aa6e9a4d591d240a83380,2
0xb7ecbf7070e3fbb20ae7ad431933895439f7f32e,4
0xb812d8357bb9e7194c2e3ce0f9a8ade7acd37a31,2
0xb89c2f6bb674bd6aace2a1e274d40e6dc4775b15,2
0xb93eca18ec95330a254a7aaa5e801dbefcb03484,2
0xbb742d7e53115edf30a168b7cab2badb0d8c77a6,2
0xbb936667614622928c548c40d885d9710ce73a21,2
0xbc0e7c2eee1ff1c61449fad2d11923a1c0097f2b,2
0xbc7d2d1e469c4f5823ad8121e10a6ea3cb5d06c4,2
0xbc820aa15ac023898048d2088ab5269f295ce384,2
0xbd2895dc008c31ba7b2e9177ebec4e7b048acb86,4
0xbef7d26cf0a27c98f359f59e9eba14e56f8f4087,2
0xc00f7186a642944bcd9f3fcb1e8df5e641f6cfc6,2
0xc040c7e5ba06e3f1ab5d1f45cc57ad3f997cd0a4,2
0xc084cefeeebdb70427dc8d0ec6e94a5d62bbd6a1,2
0xc08a111f737c5ffc07a2558c554dfc4de5694ec0,2
0xc0a33e09f31f6a4bc3e90a92784d0d567ed2978d,2
0xc1165124be8dc53a3826a1aa1b6643e9138d167c,2
0xc17d3f650db31c541e888c42c9457635cfd3f980,2
0xc3562524b715c3c830b1d484e7e6b2ecb311d267,2
0xc3f1d077fa590018d3924ce8da1a085b4eae506d,2
0xc410c8c596f070db1a7d1e4a0711328908e5ff9b,2
0xc543b04a6c36ab76728bb1aa43b80e39e4742952,2
0xc5c99da7106e801e5597dd4e4f8f42ee462b67e2,2
0xc68cc04c7f19eb5564d9d75d03a55be29947b3b2,2
0xc7c165ba3fcf9244a45977d4809202b1dc803941,2
0xc90630dcd4d273395035626e0c8f91fab1797116,2
0xc992c764a5dd14dd5bd6f662a14377e1cf7e31df,2
0xca50378eee9e4069114eaf301d813494ca190bb5,2
0xcb03fa84cbc6cad51f9b4d8f414a2597760ee676,2
0xcba3cde0dbe164518b45e827004089303948e7ca,2
0xd06015fd39ccc0f3c65ff2987ef98013abf5e9fe,2
0xd289bfd219546b74ebbfb1fc096d4c0f53c9004a,2
0xd405c6a22e7e808277896d2dd317fd9387441ea2,2
0xd435b22d96bfe40752e8b01596c1e95b3fef3afa,2
0xd54ad513da5c52dc01224f11b3174296e8d80330,2
0xd5d013cef20373839635fbce206a1cf0054ec565,2
0xd6dab4691ee54fd06b3e834c90b78ff5cb633ee8,2
0xd71503cc42f2f7ff7de0237224b91200c141c50d,2
0xd7c5f8972c7f309c98f4d6d3e42c30fd6420200b,2
0xd8a55ca7dbff9555a94061c8c8290f2ce3231f0b,2
0xd8dccaee1374090d98278a23711a6e1ba7122078,2
0xd95b8e05c47b6e5cda0d9cefbd71568b85e167e6,2
0xd9c00b9cdb1d45cf265d1925eb1d004ee04d9f69,2
0xda8bbc8b25ab8b5cb47e7c271400fe130fcc2ce7,2
0xdae7e11dab7670ff6650471ed493280ba1d32732,2
0xdb7d39f1533a8c6e74b10367b2fc6f87a28f3835,2
0xdba7960c43d78d632294c873d7475175234cfb25,2
0xdbd47f66aa2f00b3db03397f260ce9728298c495,2
0xdcdb5546ec50d41383501aa2068879b264475bfb,2
0xdcfc30125bdf514b7c434f9868783c7b48d7a3bc,2
0xdd0cdf8d98d9ad3adfaa49aaecd444bfa01d9c9a,2
0xde5c0e4c290e444fcc507d621658a21e720ff0a0,4
0xdffc9812fe60596c997511de0087749a25e52c88,4
0xe0b2add5c2d094008d014369ab6bc5c42cf3acad,2
0xe0d209b7324d982bacb757f724ebe00a9792ac28,2
0xe0df49b36e44cda5679b3f65916467639c434d0d,2
0xe182057df97bb246d36545e5e3e21ab26dbb2093,2
0xe29d9701669254105f0608f5c273b5a2c8425c8d,2
0xe380d4d6a40a147354e3797b1ba67930dcad2ddd,2
0xe43268837dd101ad625961966922f2cad520763c,2
0xe5350d96fc3161bf5c385843ec5ee24e8b465b2f,2
0xe57ca33d57bb932af42880e75d2f1bcc80505ecc,2
0xe613c2a8c9b24d67424a877d65ed1d107e93cdef,2
0xe67c19d9dd8ffa21658599fbfda4b040b99e17fe,2
0xe6f723bc9a27d904aeaef3caf1c1caeb3eeeca40,2
0xe88ee667c5a8da4ca1a09a9fa6db8c85d3b89133,2
0xe9a11ea9640d0904f5aa0d8f7e704e2d4a1a56a8,2
0xea92cfde706997af996e4003548aaf1053f836b4,2
0xead0575234bdf2fc4f86b6e4f11b4d92587964b0,2
0xeca85146092c3be0ae36d36f39b3d6fe5a7e4b69,2
0xef9351e9d1dfe415ab06d9ee00a832743a386065,2
0xefbdd138000a1974fc257214f837a8fb0fd04306,2
0xf06bed3f0dad7932d8d00fe48c36751f5c10be23,2
0xf2369008053ca8e6fd7a0ccea3baf0915eff1149,2
0xf478f82889986937bf446f53d6b6a4c54163f90c,2
0xf53a338220f9c34f0d30bd9b999165ea70ab93de,2
0xf5771d44fb1899b255e24d050052284fab0a059f,2
0xf647053969636aaee93b7afd1b551e1faa0ad708,2
0xf67cd8a34b1aa96ef179966c4f09914b28d16da7,2
0xf6ace56abecbc8d9af8c9356fb492f78fb0b2c86,2
0xf6c8a384928acb9d6f92511601a74a41599686a7,2
0xf6e5044b1188d6a5401aa4591bef57b63e6267a7,2
0xf725c30fb817576eb402cc52243cdfe6d62e167e,2
0xf74c235e38fb5b27fb13b1751ca63a6c37ab55d7,2
0xf8a9cf19be9cc65da49673c24ae145a24290b42a,2
0xf90c9920b2564d31ea7648eecf80f8c3f4debec8,2
0xf9ce60e90e94694ceb82579e4b917459b1263a6b,2
0xfa149083009d0425d9186faae5693fae1932b286,2
0xfa9bfda6a290da65cd99a94a1e16a95ee90327d5,2
0xfbd85f2e389ccc3cdf2006f16cf7813a5a0b3715,2
0xfc932f8428632355acca94b7b465c0c451edbf91,2
0xfd75474fecb0181c863ef8c22e400bf0f5ba3bc6,2
0xff0512636765e4b808050513b9c248044a9142c8,2
0xff60c38f0343a8b8de07c9770266764c452a368f,2
